ano_mes,Farmácia,Medicamento,Compra,Venda,ÉFraude
202301,Farma01,Paracetamol,100,95,0
202302,Farma01,Paracetamol,110,105,0
202303,Farma01,Paracetamol,500,100,1
202304,Farma01,Paracetamol,120,115,0
202305,Farma01,Paracetamol,125,122,0
202306,Farma01,Paracetamol,510,90,1
202301,Farma02,Ibuprofeno,50,48,0
202302,Farma02,Ibuprofeno,52,50,0
202303,Farma02,Ibuprofeno,300,60,1
202304,Farma02,Ibuprofeno,55,54,0
202305,Farma02,Ibuprofeno,58,57,0
202306,Farma02,Ibuprofeno,310,65,1
202301,Farma03,Amoxicilina,80,80,0
202302,Farma03,Amoxicilina,82,81,0
202303,Farma03,Amoxicilina,85,84,0
202304,Farma03,Amoxicilina,87,86,0
202305,Farma03,Amoxicilina,90,89,0
202306,Farma03,Amoxicilina,92,91,0
202301,Farma04,Dipirona,150,145,0
202302,Farma04,Dipirona,155,150,0
202303,Farma04,Dipirona,500,160,1
202304,Farma04,Dipirona,160,155,0
202305,Farma04,Dipirona,170,165,0
202306,Farma04,Dipirona,520,180,1
202301,Farma05,Loratadina,40,39,0
202302,Farma05,Loratadina,42,41,0
202303,Farma05,Loratadina,45,44,0
202304,Farma05,Loratadina,200,40,1
202305,Farma05,Loratadina,50,49,0
202306,Farma05,Loratadina,52,51,0
202301,Farma06,Azitromicina,70,68,0
202302,Farma06,Azitromicina,72,71,0
202303,Farma06,Azitromicina,300,70,1
202304,Farma06,Azitromicina,75,74,0
202305,Farma06,Azitromicina,78,77,0
202306,Farma06,Azitromicina,310,80,1
202301,Farma07,Cetirizina,60,58,0
202302,Farma07,Cetirizina,62,61,0
202303,Farma07,Cetirizina,300,50,1
202304,Farma07,Cetirizina,65,64,0
202305,Farma07,Cetirizina,68,67,0
202306,Farma07,Cetirizina,310,60,1
202301,Farma08,Diclofenaco,100,95,0
202302,Farma08,Diclofenaco,110,105,0
202303,Farma08,Diclofenaco,500,120,1
202304,Farma08,Diclofenaco,115,110,0
202305,Farma08,Diclofenaco,118,115,0
202306,Farma08,Diclofenaco,520,130,1
202401,Farma01,Paracetamol,107,100,0
202402,Farma01,Paracetamol,105,102,0
202403,Farma01,Paracetamol,105,99,0
202404,Farma01,Paracetamol,107,100,0
202405,Farma01,Paracetamol,105,99,0
202406,Farma01,Paracetamol,104,102,0
202407,Farma01,Paracetamol,103,98,0
202408,Farma01,Paracetamol,106,99,0
202409,Farma01,Paracetamol,105,97,0
202410,Farma01,Paracetamol,108,100,0
202411,Farma01,Paracetamol,110,100,0
202412,Farma01,Paracetamol,105,95,0
202501,Farma01,Paracetamol,106,98,0
202502,Farma01,Paracetamol,105,101,0
202503,Farma01,Paracetamol,101,101,0
202504,Farma01,Paracetamol,105,99,0
202505,Farma01,Paracetamol,110,103,0
202506,Farma01,Paracetamol,105,100,0
202507,Farma01,Paracetamol,103,101,0
202508,Farma01,Paracetamol,105,97,0
202509,Farma01,Paracetamol,107,102,0
202510,Farma01,Paracetamol,105,101,0
202511,Farma01,Paracetamol,107,99,0
202512,Farma01,Paracetamol,107,98,0
202401,Farma02,Ibuprofeno,52,51,0
202402,Farma02,Ibuprofeno,53,51,0
202403,Farma02,Ibuprofeno,53,51,0
202404,Farma02,Ibuprofeno,51,50,0
202405,Farma02,Ibuprofeno,51,49,0
202406,Farma02,Ibuprofeno,52,49,0
202407,Farma02,Ibuprofeno,51,50,0
202408,Farma02,Ibuprofeno,52,50,0
202409,Farma02,Ibuprofeno,51,50,0
202410,Farma02,Ibuprofeno,52,51,0
202411,Farma02,Ibuprofeno,52,49,0
202412,Farma02,Ibuprofeno,52,51,0
202501,Farma02,Ibuprofeno,53,49,0
202502,Farma02,Ibuprofeno,52,51,0
202503,Farma02,Ibuprofeno,50,48,0
202504,Farma02,Ibuprofeno,51,50,0
202505,Farma02,Ibuprofeno,51,52,0
202506,Farma02,Ibuprofeno,52,49,0
202507,Farma02,Ibuprofeno,52,52,0
202508,Farma02,Ibuprofeno,53,49,0
202509,Farma02,Ibuprofeno,53,50,0
202510,Farma02,Ibuprofeno,51,52,0
202511,Farma02,Ibuprofeno,52,51,0
202512,Farma02,Ibuprofeno,51,48,0
202401,Farma03,Amoxicilina,82,83,0
202402,Farma03,Amoxicilina,85,83,0
202403,Farma03,Amoxicilina,85,86,0
202404,Farma03,Amoxicilina,83,83,0
202405,Farma03,Amoxicilina,83,83,0
202406,Farma03,Amoxicilina,85,82,0
202407,Farma03,Amoxicilina,84,83,0
202408,Farma03,Amoxicilina,88,82,0
202409,Farma03,Amoxicilina,82,81,0
202410,Farma03,Amoxicilina,84,81,0
202411,Farma03,Amoxicilina,80,82,0
202412,Farma03,Amoxicilina,85,80,0
202501,Farma03,Amoxicilina,88,84,0
202502,Farma03,Amoxicilina,84,84,0
202503,Farma03,Amoxicilina,85,85,0
202504,Farma03,Amoxicilina,85,85,0
202505,Farma03,Amoxicilina,81,82,0
202506,Farma03,Amoxicilina,83,85,0
202507,Farma03,Amoxicilina,81,87,0
202508,Farma03,Amoxicilina,82,82,0
202509,Farma03,Amoxicilina,83,80,0
202510,Farma03,Amoxicilina,84,80,0
202511,Farma03,Amoxicilina,86,79,0
202512,Farma03,Amoxicilina,84,84,0
202401,Farma04,Dipirona,160,147,0
202402,Farma04,Dipirona,158,154,0
202403,Farma04,Dipirona,161,146,0
202404,Farma04,Dipirona,158,154,0
202405,Farma04,Dipirona,161,155,0
202406,Farma04,Dipirona,157,155,0
202407,Farma04,Dipirona,160,152,0
202408,Farma04,Dipirona,157,149,0
202409,Farma04,Dipirona,158,149,0
202410,Farma04,Dipirona,153,148,0
202411,Farma04,Dipirona,160,146,0
202412,Farma04,Dipirona,160,156,0
202501,Farma04,Dipirona,156,150,0
202502,Farma04,Dipirona,159,148,0
202503,Farma04,Dipirona,160,144,0
202504,Farma04,Dipirona,155,153,0
202505,Farma04,Dipirona,155,147,0
202506,Farma04,Dipirona,156,153,0
202507,Farma04,Dipirona,157,151,0
202508,Farma04,Dipirona,158,150,0
202509,Farma04,Dipirona,158,151,0
202510,Farma04,Dipirona,157,148,0
202511,Farma04,Dipirona,157,154,0
202512,Farma04,Dipirona,160,154,0
202401,Farma05,Loratadina,41,42,0
202402,Farma05,Loratadina,41,40,0
202403,Farma05,Loratadina,42,41,0
202404,Farma05,Loratadina,42,39,0
202405,Farma05,Loratadina,42,39,0
202406,Farma05,Loratadina,42,42,0
202407,Farma05,Loratadina,43,41,0
202408,Farma05,Loratadina,41,41,0
202409,Farma05,Loratadina,41,41,0
202410,Farma05,Loratadina,42,40,0
202411,Farma05,Loratadina,43,39,0
202412,Farma05,Loratadina,42,41,0
202501,Farma05,Loratadina,42,42,0
202502,Farma05,Loratadina,42,40,0
202503,Farma05,Loratadina,42,39,0
202504,Farma05,Loratadina,42,40,0
202505,Farma05,Loratadina,42,42,0
202506,Farma05,Loratadina,42,41,0
202507,Farma05,Loratadina,42,41,0
202508,Farma05,Loratadina,40,42,0
202509,Farma05,Loratadina,43,40,0
202510,Farma05,Loratadina,42,41,0
202511,Farma05,Loratadina,42,40,0
202512,Farma05,Loratadina,43,42,0
202401,Farma06,Azitromicina,73,71,0
202402,Farma06,Azitromicina,74,69,0
202403,Farma06,Azitromicina,72,70,0
202404,Farma06,Azitromicina,74,70,0
202405,Farma06,Azitromicina,74,71,0
202406,Farma06,Azitromicina,73,72,0
202407,Farma06,Azitromicina,73,71,0
202408,Farma06,Azitromicina,72,70,0
202409,Farma06,Azitromicina,75,73,0
202410,Farma06,Azitromicina,72,73,0
202411,Farma06,Azitromicina,72,71,0
202412,Farma06,Azitromicina,75,74,0
202501,Farma06,Azitromicina,72,70,0
202502,Farma06,Azitromicina,74,69,0
202503,Farma06,Azitromicina,73,73,0
202504,Farma06,Azitromicina,73,71,0
202505,Farma06,Azitromicina,73,75,0
202506,Farma06,Azitromicina,76,71,0
202507,Farma06,Azitromicina,70,73,0
202508,Farma06,Azitromicina,72,73,0
202509,Farma06,Azitromicina,71,71,0
202510,Farma06,Azitromicina,72,70,0
202511,Farma06,Azitromicina,76,70,0
202512,Farma06,Azitromicina,72,71,0
202401,Farma07,Cetirizina,66,58,0
202402,Farma07,Cetirizina,64,61,0
202403,Farma07,Cetirizina,61,62,0
202404,Farma07,Cetirizina,61,60,0
202405,Farma07,Cetirizina,62,61,0
202406,Farma07,Cetirizina,61,60,0
202407,Farma07,Cetirizina,64,61,0
202408,Farma07,Cetirizina,66,62,0
202409,Farma07,Cetirizina,62,59,0
202410,Farma07,Cetirizina,62,63,0
202411,Farma07,Cetirizina,63,62,0
202412,Farma07,Cetirizina,62,60,0
202501,Farma07,Cetirizina,61,61,0
202502,Farma07,Cetirizina,63,63,0
202503,Farma07,Cetirizina,61,60,0
202504,Farma07,Cetirizina,64,62,0
202505,Farma07,Cetirizina,62,60,0
202506,Farma07,Cetirizina,63,59,0
202507,Farma07,Cetirizina,64,60,0
202508,Farma07,Cetirizina,63,61,0
202509,Farma07,Cetirizina,65,62,0
202510,Farma07,Cetirizina,63,61,0
202511,Farma07,Cetirizina,62,61,0
202512,Farma07,Cetirizina,64,62,0
202401,Farma08,Diclofenaco,106,98,0
202402,Farma08,Diclofenaco,105,96,0
202403,Farma08,Diclofenaco,102,100,0
202404,Farma08,Diclofenaco,103,99,0
202405,Farma08,Diclofenaco,105,100,0
202406,Farma08,Diclofenaco,104,98,0
202407,Farma08,Diclofenaco,101,101,0
202408,Farma08,Diclofenaco,102,100,0
202409,Farma08,Diclofenaco,107,101,0
202410,Farma08,Diclofenaco,104,99,0
202411,Farma08,Diclofenaco,109,97,0
202412,Farma08,Diclofenaco,107,99,0
202501,Farma08,Diclofenaco,102,100,0
202502,Farma08,Diclofenaco,106,99,0
202503,Farma08,Diclofenaco,102,97,0
202504,Farma08,Diclofenaco,106,99,0
202505,Farma08,Diclofenaco,105,98,0
202506,Farma08,Diclofenaco,103,99,0
202507,Farma08,Diclofenaco,106,101,0
202508,Farma08,Diclofenaco,104,99,0
202509,Farma08,Diclofenaco,106,98,0
202510,Farma08,Diclofenaco,106,98,0
202511,Farma08,Diclofenaco,109,97,0
202512,Farma08,Diclofenaco,100,98,0
202601,Farma01,Paracetamol,104,101,0
202602,Farma01,Paracetamol,104,98,0
202603,Farma01,Paracetamol,107,102,0
202604,Farma01,Paracetamol,99,99,0
202605,Farma01,Paracetamol,107,101,0
202606,Farma01,Paracetamol,102,100,0
202607,Farma01,Paracetamol,105,100,0
202608,Farma01,Paracetamol,105,102,0
202609,Farma01,Paracetamol,101,99,0
202610,Farma01,Paracetamol,100,101,0
202611,Farma01,Paracetamol,106,100,0
202612,Farma01,Paracetamol,106,104,0
202701,Farma01,Paracetamol,107,100,0
202702,Farma01,Paracetamol,105,101,0
202703,Farma01,Paracetamol,105,101,0
202704,Farma01,Paracetamol,105,101,0
202705,Farma01,Paracetamol,105,96,0
202706,Farma01,Paracetamol,108,99,0
202707,Farma01,Paracetamol,101,101,0
202708,Farma01,Paracetamol,106,99,0
202709,Farma01,Paracetamol,105,96,0
202710,Farma01,Paracetamol,107,101,0
202711,Farma01,Paracetamol,104,96,0
202712,Farma01,Paracetamol,106,95,0
202801,Farma01,Paracetamol,104,103,0
202802,Farma01,Paracetamol,107,100,0
202803,Farma01,Paracetamol,103,97,0
202804,Farma01,Paracetamol,104,100,0
202805,Farma01,Paracetamol,101,100,0
202806,Farma01,Paracetamol,104,101,0
202807,Farma01,Paracetamol,104,97,0
202808,Farma01,Paracetamol,103,100,0
202809,Farma01,Paracetamol,104,99,0
202810,Farma01,Paracetamol,103,99,0
202811,Farma01,Paracetamol,101,99,0
202812,Farma01,Paracetamol,102,99,0
202901,Farma01,Paracetamol,103,99,0
202902,Farma01,Paracetamol,105,96,0
202903,Farma01,Paracetamol,106,98,0
202904,Farma01,Paracetamol,106,97,0
202905,Farma01,Paracetamol,105,100,0
202906,Farma01,Paracetamol,108,98,0
202907,Farma01,Paracetamol,103,98,0
202908,Farma01,Paracetamol,105,99,0
202909,Farma01,Paracetamol,105,100,0
202910,Farma01,Paracetamol,104,100,0
202911,Farma01,Paracetamol,104,102,0
202912,Farma01,Paracetamol,104,103,0
203001,Farma01,Paracetamol,105,99,0
203002,Farma01,Paracetamol,107,97,0
203003,Farma01,Paracetamol,105,100,0
203004,Farma01,Paracetamol,103,97,0
203005,Farma01,Paracetamol,104,102,0
203006,Farma01,Paracetamol,104,100,0
203007,Farma01,Paracetamol,108,100,0
203008,Farma01,Paracetamol,101,100,0
203009,Farma01,Paracetamol,106,97,0
203010,Farma01,Paracetamol,104,99,0
203011,Farma01,Paracetamol,105,98,0
203012,Farma01,Paracetamol,104,101,0
202601,Farma02,Ibuprofeno,52,51,0
202602,Farma02,Ibuprofeno,53,50,0
202603,Farma02,Ibuprofeno,52,49,0
202604,Farma02,Ibuprofeno,53,51,0
202605,Farma02,Ibuprofeno,51,49,0
202606,Farma02,Ibuprofeno,52,51,0
202607,Farma02,Ibuprofeno,50,51,0
202608,Farma02,Ibuprofeno,52,51,0
202609,Farma02,Ibuprofeno,51,49,0
202610,Farma02,Ibuprofeno,52,49,0
202611,Farma02,Ibuprofeno,54,51,0
202612,Farma02,Ibuprofeno,52,51,0
202701,Farma02,Ibuprofeno,53,51,0
202702,Farma02,Ibuprofeno,50,50,0
202703,Farma02,Ibuprofeno,51,47,0
202704,Farma02,Ibuprofeno,52,50,0
202705,Farma02,Ibuprofeno,52,49,0
202706,Farma02,Ibuprofeno,51,49,0
202707,Farma02,Ibuprofeno,51,49,0
202708,Farma02,Ibuprofeno,51,50,0
202709,Farma02,Ibuprofeno,52,49,0
202710,Farma02,Ibuprofeno,53,50,0
202711,Farma02,Ibuprofeno,52,51,0
202712,Farma02,Ibuprofeno,51,49,0
202801,Farma02,Ibuprofeno,51,47,0
202802,Farma02,Ibuprofeno,52,50,0
202803,Farma02,Ibuprofeno,51,49,0
202804,Farma02,Ibuprofeno,53,51,0
202805,Farma02,Ibuprofeno,52,51,0
202806,Farma02,Ibuprofeno,52,50,0
202807,Farma02,Ibuprofeno,53,50,0
202808,Farma02,Ibuprofeno,53,50,0
202809,Farma02,Ibuprofeno,54,49,0
202810,Farma02,Ibuprofeno,53,51,0
202811,Farma02,Ibuprofeno,52,52,0
202812,Farma02,Ibuprofeno,52,49,0
202901,Farma02,Ibuprofeno,52,50,0
202902,Farma02,Ibuprofeno,51,51,0
202903,Farma02,Ibuprofeno,52,50,0
202904,Farma02,Ibuprofeno,53,49,0
202905,Farma02,Ibuprofeno,51,51,0
202906,Farma02,Ibuprofeno,52,49,0
202907,Farma02,Ibuprofeno,52,49,0
202908,Farma02,Ibuprofeno,54,50,0
202909,Farma02,Ibuprofeno,51,48,0
202910,Farma02,Ibuprofeno,51,49,0
202911,Farma02,Ibuprofeno,50,50,0
202912,Farma02,Ibuprofeno,52,51,0
203001,Farma02,Ibuprofeno,53,50,0
203002,Farma02,Ibuprofeno,51,50,0
203003,Farma02,Ibuprofeno,52,50,0
203004,Farma02,Ibuprofeno,52,51,0
203005,Farma02,Ibuprofeno,52,49,0
203006,Farma02,Ibuprofeno,51,50,0
203007,Farma02,Ibuprofeno,51,48,0
203008,Farma02,Ibuprofeno,51,50,0
203009,Farma02,Ibuprofeno,53,51,0
203010,Farma02,Ibuprofeno,53,48,0
203011,Farma02,Ibuprofeno,52,50,0
203012,Farma02,Ibuprofeno,52,49,0
202601,Farma03,Amoxicilina,84,87,0
202602,Farma03,Amoxicilina,83,83,0
202603,Farma03,Amoxicilina,83,83,0
202604,Farma03,Amoxicilina,81,85,0
202605,Farma03,Amoxicilina,81,81,0
202606,Farma03,Amoxicilina,85,84,0
202607,Farma03,Amoxicilina,84,85,0
202608,Farma03,Amoxicilina,83,85,0
202609,Farma03,Amoxicilina,85,82,0
202610,Farma03,Amoxicilina,84,83,0
202611,Farma03,Amoxicilina,81,83,0
202612,Farma03,Amoxicilina,84,83,0
202701,Farma03,Amoxicilina,84,82,0
202702,Farma03,Amoxicilina,81,81,0
202703,Farma03,Amoxicilina,84,85,0
202704,Farma03,Amoxicilina,84,85,0
202705,Farma03,Amoxicilina,83,86,0
202706,Farma03,Amoxicilina,83,83,0
202707,Farma03,Amoxicilina,84,82,0
202708,Farma03,Amoxicilina,82,80,0
202709,Farma03,Amoxicilina,82,81,0
202710,Farma03,Amoxicilina,83,85,0
202711,Farma03,Amoxicilina,85,82,0
202712,Farma03,Amoxicilina,84,82,0
202801,Farma03,Amoxicilina,81,82,0
202802,Farma03,Amoxicilina,84,86,0
202803,Farma03,Amoxicilina,85,83,0
202804,Farma03,Amoxicilina,79,84,0
202805,Farma03,Amoxicilina,86,84,0
202806,Farma03,Amoxicilina,84,85,0
202807,Farma03,Amoxicilina,83,86,0
202808,Farma03,Amoxicilina,82,85,0
202809,Farma03,Amoxicilina,82,84,0
202810,Farma03,Amoxicilina,84,81,0
202811,Farma03,Amoxicilina,83,83,0
202812,Farma03,Amoxicilina,82,84,0
202901,Farma03,Amoxicilina,82,84,0
202902,Farma03,Amoxicilina,84,85,0
202903,Farma03,Amoxicilina,84,83,0
202904,Farma03,Amoxicilina,86,83,0
202905,Farma03,Amoxicilina,87,86,0
202906,Farma03,Amoxicilina,82,82,0
202907,Farma03,Amoxicilina,85,87,0
202908,Farma03,Amoxicilina,86,83,0
202909,Farma03,Amoxicilina,85,81,0
202910,Farma03,Amoxicilina,84,82,0
202911,Farma03,Amoxicilina,86,83,0
202912,Farma03,Amoxicilina,83,82,0
203001,Farma03,Amoxicilina,82,83,0
203002,Farma03,Amoxicilina,86,85,0
203003,Farma03,Amoxicilina,85,86,0
203004,Farma03,Amoxicilina,84,80,0
203005,Farma03,Amoxicilina,86,82,0
203006,Farma03,Amoxicilina,86,83,0
203007,Farma03,Amoxicilina,87,82,0
203008,Farma03,Amoxicilina,83,83,0
203009,Farma03,Amoxicilina,82,84,0
203010,Farma03,Amoxicilina,83,82,0
203011,Farma03,Amoxicilina,83,85,0
203012,Farma03,Amoxicilina,85,85,0
202601,Farma04,Dipirona,153,153,0
202602,Farma04,Dipirona,156,155,0
202603,Farma04,Dipirona,155,150,0
202604,Farma04,Dipirona,160,151,0
202605,Farma04,Dipirona,158,147,0
202606,Farma04,Dipirona,162,148,0
202607,Farma04,Dipirona,159,148,0
202608,Farma04,Dipirona,159,156,0
202609,Farma04,Dipirona,156,153,0
202610,Farma04,Dipirona,154,150,0
202611,Farma04,Dipirona,156,150,0
202612,Farma04,Dipirona,162,154,0
202701,Farma04,Dipirona,158,152,0
202702,Farma04,Dipirona,158,153,0
202703,Farma04,Dipirona,160,148,0
202704,Farma04,Dipirona,160,157,0
202705,Farma04,Dipirona,157,150,0
202706,Farma04,Dipirona,161,152,0
202707,Farma04,Dipirona,156,153,0
202708,Farma04,Dipirona,157,159,0
202709,Farma04,Dipirona,161,149,0
202710,Farma04,Dipirona,154,155,0
202711,Farma04,Dipirona,159,152,0
202712,Farma04,Dipirona,155,155,0
202801,Farma04,Dipirona,154,151,0
202802,Farma04,Dipirona,160,152,0
202803,Farma04,Dipirona,156,152,0
202804,Farma04,Dipirona,157,156,0
202805,Farma04,Dipirona,153,149,0
202806,Farma04,Dipirona,156,150,0
202807,Farma04,Dipirona,161,151,0
202808,Farma04,Dipirona,153,157,0
202809,Farma04,Dipirona,159,153,0
202810,Farma04,Dipirona,153,153,0
202811,Farma04,Dipirona,156,151,0
202812,Farma04,Dipirona,153,148,0
202901,Farma04,Dipirona,159,153,0
202902,Farma04,Dipirona,160,147,0
202903,Farma04,Dipirona,162,147,0
202904,Farma04,Dipirona,156,151,0
202905,Farma04,Dipirona,159,155,0
202906,Farma04,Dipirona,156,150,0
202907,Farma04,Dipirona,153,151,0
202908,Farma04,Dipirona,157,149,0
202909,Farma04,Dipirona,160,155,0
202910,Farma04,Dipirona,158,151,0
202911,Farma04,Dipirona,155,153,0
202912,Farma04,Dipirona,158,157,0
203001,Farma04,Dipirona,161,147,0
203002,Farma04,Dipirona,152,147,0
203003,Farma04,Dipirona,158,150,0
203004,Farma04,Dipirona,161,158,0
203005,Farma04,Dipirona,161,153,0
203006,Farma04,Dipirona,152,154,0
203007,Farma04,Dipirona,157,158,0
203008,Farma04,Dipirona,163,154,0
203009,Farma04,Dipirona,156,154,0
203010,Farma04,Dipirona,157,151,0
203011,Farma04,Dipirona,155,154,0
203012,Farma04,Dipirona,152,147,0
202601,Farma05,Loratadina,41,40,0
202602,Farma05,Loratadina,43,40,0
202603,Farma05,Loratadina,43,41,0
202604,Farma05,Loratadina,42,41,0
202605,Farma05,Loratadina,41,40,0
202606,Farma05,Loratadina,42,41,0
202607,Farma05,Loratadina,41,41,0
202608,Farma05,Loratadina,41,39,0
202609,Farma05,Loratadina,41,40,0
202610,Farma05,Loratadina,43,41,0
202611,Farma05,Loratadina,42,41,0
202612,Farma05,Loratadina,42,39,0
202701,Farma05,Loratadina,41,41,0
202702,Farma05,Loratadina,40,39,0
202703,Farma05,Loratadina,41,42,0
202704,Farma05,Loratadina,42,41,0
202705,Farma05,Loratadina,42,40,0
202706,Farma05,Loratadina,40,41,0
202707,Farma05,Loratadina,42,39,0
202708,Farma05,Loratadina,42,39,0
202709,Farma05,Loratadina,41,40,0
202710,Farma05,Loratadina,42,40,0
202711,Farma05,Loratadina,41,41,0
202712,Farma05,Loratadina,42,42,0
202801,Farma05,Loratadina,41,41,0
202802,Farma05,Loratadina,43,41,0
202803,Farma05,Loratadina,42,40,0
202804,Farma05,Loratadina,42,40,0
202805,Farma05,Loratadina,43,41,0
202806,Farma05,Loratadina,41,41,0
202807,Farma05,Loratadina,42,41,0
202808,Farma05,Loratadina,43,41,0
202809,Farma05,Loratadina,42,40,0
202810,Farma05,Loratadina,42,41,0
202811,Farma05,Loratadina,40,41,0
202812,Farma05,Loratadina,41,42,0
202901,Farma05,Loratadina,43,40,0
202902,Farma05,Loratadina,42,40,0
202903,Farma05,Loratadina,42,41,0
202904,Farma05,Loratadina,41,40,0
202905,Farma05,Loratadina,40,41,0
202906,Farma05,Loratadina,42,41,0
202907,Farma05,Loratadina,41,39,0
202908,Farma05,Loratadina,41,40,0
202909,Farma05,Loratadina,43,40,0
202910,Farma05,Loratadina,42,39,0
202911,Farma05,Loratadina,42,40,0
202912,Farma05,Loratadina,42,40,0
203001,Farma05,Loratadina,42,40,0
203002,Farma05,Loratadina,42,40,0
203003,Farma05,Loratadina,42,41,0
203004,Farma05,Loratadina,42,40,0
203005,Farma05,Loratadina,42,41,0
203006,Farma05,Loratadina,43,40,0
203007,Farma05,Loratadina,41,40,0
203008,Farma05,Loratadina,41,40,0
203009,Farma05,Loratadina,41,40,0
203010,Farma05,Loratadina,41,41,0
203011,Farma05,Loratadina,43,41,0
203012,Farma05,Loratadina,42,40,0
202601,Farma06,Azitromicina,74,70,0
202602,Farma06,Azitromicina,74,71,0
202603,Farma06,Azitromicina,73,71,0
202604,Farma06,Azitromicina,73,71,0
202605,Farma06,Azitromicina,74,70,0
202606,Farma06,Azitromicina,73,70,0
202607,Farma06,Azitromicina,71,70,0
202608,Farma06,Azitromicina,72,71,0
202609,Farma06,Azitromicina,76,72,0
202610,Farma06,Azitromicina,74,71,0
202611,Farma06,Azitromicina,76,69,0
202612,Farma06,Azitromicina,74,71,0
202701,Farma06,Azitromicina,74,70,0
202702,Farma06,Azitromicina,74,71,0
202703,Farma06,Azitromicina,74,71,0
202704,Farma06,Azitromicina,73,71,0
202705,Farma06,Azitromicina,72,73,0
202706,Farma06,Azitromicina,72,70,0
202707,Farma06,Azitromicina,69,71,0
202708,Farma06,Azitromicina,74,70,0
202709,Farma06,Azitromicina,73,69,0
202710,Farma06,Azitromicina,73,73,0
202711,Farma06,Azitromicina,74,71,0
202712,Farma06,Azitromicina,73,70,0
202801,Farma06,Azitromicina,72,70,0
202802,Farma06,Azitromicina,73,70,0
202803,Farma06,Azitromicina,74,71,0
202804,Farma06,Azitromicina,75,70,0
202805,Farma06,Azitromicina,73,71,0
202806,Farma06,Azitromicina,75,71,0
202807,Farma06,Azitromicina,74,72,0
202808,Farma06,Azitromicina,74,72,0
202809,Farma06,Azitromicina,73,73,0
202810,Farma06,Azitromicina,71,71,0
202811,Farma06,Azitromicina,73,71,0
202812,Farma06,Azitromicina,74,74,0
202901,Farma06,Azitromicina,74,71,0
202902,Farma06,Azitromicina,72,71,0
202903,Farma06,Azitromicina,72,73,0
202904,Farma06,Azitromicina,74,70,0
202905,Farma06,Azitromicina,74,73,0
202906,Farma06,Azitromicina,72,71,0
202907,Farma06,Azitromicina,71,72,0
202908,Farma06,Azitromicina,74,68,0
202909,Farma06,Azitromicina,73,72,0
202910,Farma06,Azitromicina,69,73,0
202911,Farma06,Azitromicina,74,70,0
202912,Farma06,Azitromicina,72,72,0
203001,Farma06,Azitromicina,75,70,0
203002,Farma06,Azitromicina,70,72,0
203003,Farma06,Azitromicina,71,69,0
203004,Farma06,Azitromicina,75,72,0
203005,Farma06,Azitromicina,73,72,0
203006,Farma06,Azitromicina,73,72,0
203007,Farma06,Azitromicina,73,71,0
203008,Farma06,Azitromicina,75,72,0
203009,Farma06,Azitromicina,72,72,0
203010,Farma06,Azitromicina,73,70,0
203011,Farma06,Azitromicina,71,70,0
203012,Farma06,Azitromicina,73,69,0
202601,Farma07,Cetirizina,60,61,0
202602,Farma07,Cetirizina,64,59,0
202603,Farma07,Cetirizina,62,61,0
202604,Farma07,Cetirizina,61,60,0
202605,Farma07,Cetirizina,63,62,0
202606,Farma07,Cetirizina,64,61,0
202607,Farma07,Cetirizina,63,61,0
202608,Farma07,Cetirizina,65,59,0
202609,Farma07,Cetirizina,61,61,0
202610,Farma07,Cetirizina,63,59,0
202611,Farma07,Cetirizina,62,63,0
202612,Farma07,Cetirizina,63,60,0
202701,Farma07,Cetirizina,61,60,0
202702,Farma07,Cetirizina,62,60,0
202703,Farma07,Cetirizina,63,61,0
202704,Farma07,Cetirizina,61,61,0
202705,Farma07,Cetirizina,63,61,0
202706,Farma07,Cetirizina,62,60,0
202707,Farma07,Cetirizina,62,58,0
202708,Farma07,Cetirizina,63,60,0
202709,Farma07,Cetirizina,64,60,0
202710,Farma07,Cetirizina,64,60,0
202711,Farma07,Cetirizina,62,60,0
202712,Farma07,Cetirizina,65,61,0
202801,Farma07,Cetirizina,64,59,0
202802,Farma07,Cetirizina,62,63,0
202803,Farma07,Cetirizina,64,60,0
202804,Farma07,Cetirizina,62,61,0
202805,Farma07,Cetirizina,63,63,0
202806,Farma07,Cetirizina,61,60,0
202807,Farma07,Cetirizina,62,59,0
202808,Farma07,Cetirizina,61,58,0
202809,Farma07,Cetirizina,60,60,0
202810,Farma07,Cetirizina,63,61,0
202811,Farma07,Cetirizina,63,59,0
202812,Farma07,Cetirizina,61,61,0
202901,Farma07,Cetirizina,61,60,0
202902,Farma07,Cetirizina,63,59,0
202903,Farma07,Cetirizina,65,61,0
202904,Farma07,Cetirizina,63,61,0
202905,Farma07,Cetirizina,62,60,0
202906,Farma07,Cetirizina,64,60,0
202907,Farma07,Cetirizina,63,59,0
202908,Farma07,Cetirizina,62,62,0
202909,Farma07,Cetirizina,64,61,0
202910,Farma07,Cetirizina,64,59,0
202911,Farma07,Cetirizina,60,61,0
202912,Farma07,Cetirizina,63,62,0
203001,Farma07,Cetirizina,61,60,0
203002,Farma07,Cetirizina,64,60,0
203003,Farma07,Cetirizina,62,60,0
203004,Farma07,Cetirizina,63,61,0
203005,Farma07,Cetirizina,63,60,0
203006,Farma07,Cetirizina,61,61,0
203007,Farma07,Cetirizina,63,61,0
203008,Farma07,Cetirizina,65,59,0
203009,Farma07,Cetirizina,62,60,0
203010,Farma07,Cetirizina,62,58,0
203011,Farma07,Cetirizina,62,60,0
203012,Farma07,Cetirizina,62,61,0
202601,Farma08,Diclofenaco,106,99,0
202602,Farma08,Diclofenaco,104,97,0
202603,Farma08,Diclofenaco,106,101,0
202604,Farma08,Diclofenaco,105,99,0
202605,Farma08,Diclofenaco,104,98,0
202606,Farma08,Diclofenaco,103,99,0
202607,Farma08,Diclofenaco,103,98,0
202608,Farma08,Diclofenaco,105,99,0
202609,Farma08,Diclofenaco,101,99,0
202610,Farma08,Diclofenaco,106,96,0
202611,Farma08,Diclofenaco,105,98,0
202612,Farma08,Diclofenaco,106,99,0
202701,Farma08,Diclofenaco,105,98,0
202702,Farma08,Diclofenaco,104,102,0
202703,Farma08,Diclofenaco,105,100,0
202704,Farma08,Diclofenaco,108,98,0
202705,Farma08,Diclofenaco,103,99,0
202706,Farma08,Diclofenaco,104,97,0
202707,Farma08,Diclofenaco,106,96,0
202708,Farma08,Diclofenaco,105,96,0
202709,Farma08,Diclofenaco,105,105,0
202710,Farma08,Diclofenaco,105,97,0
202711,Farma08,Diclofenaco,104,100,0
202712,Farma08,Diclofenaco,108,101,0
202801,Farma08,Diclofenaco,102,101,0
202802,Farma08,Diclofenaco,108,102,0
202803,Farma08,Diclofenaco,102,96,0
202804,Farma08,Diclofenaco,102,101,0
202805,Farma08,Diclofenaco,101,96,0
202806,Farma08,Diclofenaco,108,98,0
202807,Farma08,Diclofenaco,107,101,0
202808,Farma08,Diclofenaco,104,99,0
202809,Farma08,Diclofenaco,105,97,0
202810,Farma08,Diclofenaco,105,100,0
202811,Farma08,Diclofenaco,105,94,0
202812,Farma08,Diclofenaco,103,97,0
202901,Farma08,Diclofenaco,101,100,0
202902,Farma08,Diclofenaco,109,97,0
202903,Farma08,Diclofenaco,102,96,0
202904,Farma08,Diclofenaco,104,98,0
202905,Farma08,Diclofenaco,107,100,0
202906,Farma08,Diclofenaco,107,100,0
202907,Farma08,Diclofenaco,107,101,0
202908,Farma08,Diclofenaco,105,101,0
202909,Farma08,Diclofenaco,108,96,0
202910,Farma08,Diclofenaco,105,97,0
202911,Farma08,Diclofenaco,104,100,0
202912,Farma08,Diclofenaco,102,98,0
203001,Farma08,Diclofenaco,106,100,0
203002,Farma08,Diclofenaco,102,99,0
203003,Farma08,Diclofenaco,104,98,0
203004,Farma08,Diclofenaco,105,99,0
203005,Farma08,Diclofenaco,107,101,0
203006,Farma08,Diclofenaco,106,98,0
203007,Farma08,Diclofenaco,102,97,0
203008,Farma08,Diclofenaco,108,99,0
203009,Farma08,Diclofenaco,104,99,0
203010,Farma08,Diclofenaco,107,97,0
203011,Farma08,Diclofenaco,103,101,0

